{
  "assetsByChunkName": {
    "vendors~app-account~app-confirmation~app-order": "chunk.e050dfebffa4334617c5.js",
    "vendors~app-account~app-checkout": "chunk.c6a59c444505eb067835.js",
    "vendors~app-cart~app-checkout": "chunk.16e646e12e053da7408d.js",
    "admin": [
      "admin.48e0cc06a12095dfd01b.js",
      "admin.48e0cc06a12095dfd01b.js.map"
    ],
    "app-account": "chunk.2c4a2fa2bcace9462b0b.js",
    "app-checkout": "chunk.97cc8f1c9bf308b105c3.js",
    "app-confirmation": "chunk.b934964d7bbbe911806b.js",
    "checkout": [
      "checkout.59a69396781bdf8bcd79.js",
      "checkout.59a69396781bdf8bcd79.js.map"
    ],
    "storefront": [
      "storefront.8b6779e9224df891cb77.css",
      "storefront.302dc27dc23d08002a39.js",
      "storefront.8b6779e9224df891cb77.css.map",
      "storefront.302dc27dc23d08002a39.js.map"
    ],
    "vendors~app-cart": "chunk.334094901b298d9879b9.js",
    "vendors~app-order": "chunk.53d11be7ffa1388abdf8.js"
  }
}